,Neighborhood,Neighborhood Latitude,Neighborhood Longitude,Venue,Venue Latitude,Venue Longitude,Venue Category
0,Winkel,47.4919,8.5537,"Gasthof Hecht ""Stützli 50""",47.49176874138484,8.547449059958236,Swiss Restaurant
1,Winkel,47.4919,8.5537,Blumen Ursula,47.493552,8.555934,Flower Shop
2,Winkel,47.4919,8.5537,Hecht Winkel,47.49198493164601,8.54777542120506,Gastropub
3,Winkel,47.4919,8.5537,Sila Market,47.49192880761373,8.547680611123265,Department Store
4,Birmensdorf (ZH),47.3552,8.4426,Coop,47.352149416977845,8.437788483593097,Supermarket
5,Birmensdorf (ZH),47.3552,8.4426,Bahnhof Birmensdorf,47.35756702694989,8.437343548518676,Train Station
6,Birmensdorf (ZH),47.3552,8.4426,Busbahnhof,47.356892534252786,8.438750900033263,Bus Station
7,Birmensdorf (ZH),47.3552,8.4426,Pizzeria Sapori Antichi,47.356027643440136,8.437331541134645,Pizza Place
8,Birmensdorf (ZH),47.3552,8.4426,Bäckerei Konditorei Bode,47.353914626199554,8.436961395659573,Bakery
9,Birmensdorf (ZH),47.3552,8.4426,Snack-Center Freihof,47.35347757310739,8.437199665747844,Diner
10,Birmensdorf (ZH),47.3552,8.4426,Migros,47.35391413626213,8.436899185180664,Food & Drink Shop
11,Birmensdorf (ZH),47.3552,8.4426,Restaurant Sonne,47.35235535051474,8.437689064811366,Swiss Restaurant
12,Adliswil,47.31,8.5246,Migros,47.31126563647036,8.525527682120702,Supermarket
13,Adliswil,47.31,8.5246,Coop,47.312971816855566,8.525242202540964,Supermarket
14,Adliswil,47.31,8.5246,Orient Pizza Kebab,47.308722138404846,8.52512776851654,Fast Food Restaurant
15,Adliswil,47.31,8.5246,Wachtstübli,47.311203018261615,8.52724597396933,Restaurant
16,Adliswil,47.31,8.5246,New Point,47.31237461417715,8.524610305517985,Falafel Restaurant
17,Adliswil,47.31,8.5246,SZU Adliswil,47.3124684398061,8.524079688977949,Light Rail Station
18,Adliswil,47.31,8.5246,Restaurant zur Au,47.312442274153035,8.526197196259382,Swiss Restaurant
19,Adliswil,47.31,8.5246,Sihlpark,47.310304457725934,8.529059697261967,Park
20,Adliswil,47.31,8.5246,Luftseilbahn Adliswil Felsenegg (LAF),47.31314339794569,8.520046224526899,Cable Car
21,Winterthur,47.468,8.7578,Dorflade Sennhof,47.46699767703346,8.75915339328343,Food & Drink Shop
22,Winterthur,47.468,8.7578,Bahnhof Sennhof-Kyburg,47.46530456901178,8.760362870878614,Train Station
23,Winterthur,47.468,8.7578,transport4you.ch,47.465367,8.753609,Home Service
24,Zell (ZH),47.4393,8.8217,Spielplatz Rämismühle,47.440064,8.824757,Playground
25,Zell (ZH),47.4393,8.8217,Bahnhof Rämismühle-Zell,47.441361,8.819632,Train Station
26,Boppelsen,47.4695,8.4061,Starnet24.com,47.47089666,8.40292713,IT Services
27,Boppelsen,47.4695,8.4061,Volg Boppelsen,47.470219358014994,8.401483214516588,Grocery Store
28,Bauma,47.3674,8.879,Migros,47.36786769830059,8.877586126327515,Grocery Store
29,Bauma,47.3674,8.879,Bäckerei Cafe Voland,47.3683066904137,8.88036945978959,Food & Drink Shop
30,Bauma,47.3674,8.879,Post Bauma,47.36831375434363,8.876302056212415,Record Shop
31,Bauma,47.3674,8.879,Nef Holzwaren AG,47.36606,8.88405,Advertising Agency
32,Bonstetten,47.315,8.4684,Bäckerei - Café Betschart,47.3153667379574,8.468208902619374,Bakery
33,Bonstetten,47.315,8.4684,Galerie für Gegenwartskunst,47.31624087093786,8.46817672333995,Art Gallery
34,Bonstetten,47.315,8.4684,Dorfplatz,47.3148979256867,8.467433903565869,Plaza
35,Zumikon,47.3316,8.6227,Gasthof Rössli,47.33097454077705,8.624578122103829,Swiss Restaurant
36,Zumikon,47.3316,8.6227,Italia 2000 da Remo,47.3324061444142,8.62377056161826,Italian Restaurant
37,Zumikon,47.3316,8.6227,ZVV Zumikon,47.33169710480253,8.62377405166626,Light Rail Station
38,Zumikon,47.3316,8.6227,Golf and Country Club Zürich,47.332347255678634,8.624712930705906,Golf Course
39,Aesch (ZH),47.3367,8.441,Salvatore Fabio,47.337222,8.439388,Construction & Landscaping
40,Aesch (ZH),47.3367,8.441,Restaurant Landhus,47.336573,8.437964,Swiss Restaurant
41,Aesch (ZH),47.3367,8.441,Aesch/ZH Gemeindeplatz,47.3349681839235,8.436183029420347,Plaza
42,Andelfingen,47.5945,8.6783,Bahnhof Andelfingen,47.5938007197224,8.677744930995646,Train Station
43,Andelfingen,47.5945,8.6783,Restaurant Rebstock,47.593077,8.67894,Restaurant
44,Andelfingen,47.5945,8.6783,VOLG,47.595001,8.679439,Grocery Store
45,Andelfingen,47.5945,8.6783,physio sport ag,47.592589,8.678869,Gym
46,Andelfingen,47.5945,8.6783,Wanner Kaminfeger AG,47.592099,8.682621,Home Service
47,Berg am Irchel,47.5566,8.6054,KochKunst am Berg,47.5573638,8.6045654,Restaurant
48,Berg am Irchel,47.5566,8.6054,Seifenkistenrennen Gräslikon,47.557862,8.607019,Racetrack
49,Weiningen (ZH),47.4202,8.4364,Gasthof Löwen,47.41962,8.434873,Restaurant
50,Weiningen (ZH),47.4202,8.4364,Winzerhaus,47.421192561137055,8.4318943925611,Restaurant
51,Weiningen (ZH),47.4202,8.4364,Linde,47.41978531972141,8.434614659332702,Swiss Restaurant
52,Wetzikon (ZH),47.3264,8.7978,Molly Malone Irish Pub,47.32732739688058,8.801669346383527,Irish Pub
53,Wetzikon (ZH),47.3264,8.7978,Villa Barone,47.32585483765814,8.798235470833795,Italian Restaurant
54,Wetzikon (ZH),47.3264,8.7978,Migros,47.32740674507481,8.79979133605957,Grocery Store
55,Wetzikon (ZH),47.3264,8.7978,Coop,47.326200025239444,8.798080060057268,Supermarket
56,Wetzikon (ZH),47.3264,8.7978,Oberland Märt,47.326727786137326,8.800090715220218,Shopping Mall
57,Wetzikon (ZH),47.3264,8.7978,Kino Palace,47.32201875465008,8.797326793251763,Movie Theater
58,Buchs (ZH),47.4588,8.4366,Coop,47.45773,8.43824,Supermarket
59,Buchs (ZH),47.4588,8.4366,"Country Ranch, Buchs",47.458056983540246,8.439978632122578,Restaurant
60,Buchs (ZH),47.4588,8.4366,Frohsinn,47.45792547206216,8.438915889649337,Food
61,Buchs (ZH),47.4588,8.4366,Migros VOI,47.456188,8.439803,Grocery Store
62,Bassersdorf,47.4434,8.6285,Löwen Bassersdorf,47.44361312423372,8.62854193685755,Swiss Restaurant
63,Bassersdorf,47.4434,8.6285,Barone,47.444737213329475,8.624536444336073,Italian Restaurant
64,Bassersdorf,47.4434,8.6285,Migros Bassersdorf,47.44083392657827,8.630423846223648,Shopping Mall
65,Bassersdorf,47.4434,8.6285,Coop,47.44410591526929,8.626560563114722,Supermarket
66,Bassersdorf,47.4434,8.6285,Blind Horse Gallery,47.443121457682764,8.626710117059464,Art Gallery
67,Bassersdorf,47.4434,8.6285,Hotel-Restaurant Mare & Monti,47.44432463187523,8.624834288948897,Pizza Place
68,Bassersdorf,47.4434,8.6285,Zürich,47.441867,8.62491,Lake
69,Benken (ZH),47.6528,8.6539,Sonne,47.65410000921294,8.651862144470215,Restaurant
70,Weiach,47.5591,8.4334,Landi Weiach,47.56215,8.428977,Shopping Mall
71,Bachenbülach,47.5032,8.5456,Trattoria Pizzeria Rose da Mario,47.50389607015984,8.546382449073803,Trattoria/Osteria
72,Bachenbülach,47.5032,8.5456,Jumbo,47.50486485092878,8.540817202054761,Hardware Store
73,Bachenbülach,47.5032,8.5456,Coop,47.506260102504065,8.541370000733373,Supermarket
74,Bachenbülach,47.5032,8.5456,Parkallee,47.50445174706662,8.542350685743031,Shopping Mall
75,Bachenbülach,47.5032,8.5456,Basefit.ch,47.50449950230484,8.542846836454824,Gym
76,Bachenbülach,47.5032,8.5456,ALDI Suisse,47.505616,8.540376,Supermarket
77,Bülach,47.522,8.5405,Fleischli Café Bäckerei Konditorei,47.521231394280655,8.539913574012392,Bakery
78,Bülach,47.522,8.5405,Kino ABC,47.52057433715002,8.541027728170848,Indie Movie Theater
79,Bülach,47.522,8.5405,Activ Fitness,47.521335510883986,8.54125252040253,Gym / Fitness Center
80,Bülach,47.522,8.5405,Klaus Confiserie Café,47.518182,8.541194,Bakery
81,Bülach,47.522,8.5405,Guss39,47.52475802067638,8.537262716309606,Lounge
82,Bülach,47.522,8.5405,La Vita,47.52033060624528,8.540133384037052,Italian Restaurant
83,Bülach,47.522,8.5405,Migros,47.5212164799289,8.5401158960088,Shopping Mall
84,Bülach,47.522,8.5405,Bahnhof Bülach,47.52345293014192,8.536835897952422,Train Station
85,Bülach,47.522,8.5405,Swisscom Shop,47.522694,8.538488,Mobile Phone Shop
86,Bülach,47.522,8.5405,City Kebap House,47.52215409594834,8.538999344746372,Kebab Restaurant
87,Bülach,47.522,8.5405,avec.,47.52343773924185,8.53702261356161,Grocery Store
88,Bülach,47.522,8.5405,Büli's Welcome,47.5188817247134,8.539531230926514,Asian Restaurant
89,Bülach,47.522,8.5405,Zum Goldenen Kopf,47.51856314561049,8.540838706833604,Hotel
90,Zollikon,47.3451,8.6009,Comestibles WEBER,47.34553789084591,8.604291001277137,Gourmet Shop
91,Zollikon,47.3451,8.6009,Coop,47.34701,8.59664,Supermarket
92,Zollikon,47.3451,8.6009,Restaurant Rosengarten,47.346011587405556,8.603713918951073,Italian Restaurant
93,Zollikon,47.3451,8.6009,Kägi's Bäckerei,47.34645,8.600464,Bakery
94,Zollikon,47.3451,8.6009,ZVV Zollikerberg,47.345806918168535,8.603841662948211,Light Rail Station
95,Zollikon,47.3451,8.6009,ZVV Spital Zollikerberg,47.34735726706348,8.597023885208298,Light Rail Station
96,Zollikon,47.3451,8.6009,Restaurant Laterne,47.34628953423608,8.595192142485192,Thai Restaurant
97,Wasterkingen,47.5896,8.4712,Bus 546 (Rundkurs),47.590273,8.47353,Moving Target
98,Wasterkingen,47.5896,8.4712,Wasterkingen Weltdorf,47.59076761949314,8.473548889160156,Resort
99,Bubikon,47.2562,8.7991,Volg,47.25639071517262,8.801328787363653,Grocery Store
100,Bubikon,47.2562,8.7991,Bäckerei Steiner,47.25698678826483,8.801238283768544,Bakery
101,Bubikon,47.2562,8.7991,Sale e Pepe,47.256778,8.800117,Pizza Place
102,Bubikon,47.2562,8.7991,zampetta gmbh,47.25467,8.797349,Pet Store
103,Bubikon,47.2562,8.7991,Gärten Armin Hollenstein,47.25379,8.797168,Construction & Landscaping
104,Brütten,47.4732,8.6757,Volg Brütten,47.472504,8.675042,Grocery Store
105,Brütten,47.4732,8.6757,Tennis Club Brütten,47.475897,8.677784,Tennis Court
106,Brütten,47.4732,8.6757,Ristorante & Pizzeria d'Antonio,47.470179711813174,8.67289569081458,Italian Restaurant
107,Wangen-Brüttisellen,47.4217,8.6326,Restaurant Rössli,47.422325078013635,8.628912585045896,Swiss Restaurant
108,Wangen-Brüttisellen,47.4217,8.6326,Flamingo,47.41996232635059,8.626519930575967,Australian Restaurant
109,Wangen-Brüttisellen,47.4217,8.6326,Bäckerei Hotz,47.42282058056338,8.629410234577017,Bakery
110,Wangen-Brüttisellen,47.4217,8.6326,Im Freihof,47.42370827152069,8.63041966313694,Shopping Mall
111,Wangen-Brüttisellen,47.4217,8.6326,Brüttisellen Zentrum,47.423918669933784,8.63083837957267,Bus Station
112,Wangen-Brüttisellen,47.4217,8.6326,Restaurant LaTavola,47.41996060019384,8.629879901670693,Italian Restaurant
113,Wangen-Brüttisellen,47.4217,8.6326,Denner Brüttisellen,47.423792256863216,8.630267180997592,Discount Store
114,Wangen-Brüttisellen,47.4217,8.6326,Arrow ECS Internet Security AG,47.41937438007313,8.627829639928033,IT Services
115,Wangen-Brüttisellen,47.4217,8.6326,Pizzeria Gabbiano,47.41758396072311,8.631289202064263,Pizza Place
116,Wil (ZH),47.6045,8.5081,Schreinerei Kramer,47.602926,8.503045,Construction & Landscaping
117,Affoltern am Albis,47.2883,8.4312,Volg Zwillikon,47.28735411135742,8.431614615343628,Food & Drink Shop
118,Affoltern am Albis,47.2883,8.4312,Restaurant Pizzeria Zwillike,47.286996,8.434837,Pizza Place
119,Affoltern am Albis,47.2883,8.4312,Restaurant 66,47.28625881840879,8.436094172586452,Restaurant
120,Aeugst am Albis,47.2754,8.4897,Äugsterberg,47.27475021291179,8.48534845547525,Mountain
121,Wila,47.4193,8.8452,Bahnhof Wila,47.416678049753706,8.847935835695424,Train Station
122,Wila,47.4193,8.8452,Häberlin GmbH,47.422315,8.846864,Home Service
123,Wila,47.4193,8.8452,dreispitz,47.417125,8.849297,Café
124,Wila,47.4193,8.8452,Ganz genau GmbH,47.41783,8.85024,Construction & Landscaping
125,Wila,47.4193,8.8452,Wiedmer Schleiferei,47.417829,8.850258,Business Service
126,Wila,47.4193,8.8452,Maler Graf AG,47.423305,8.843802,Construction & Landscaping
127,Wila,47.4193,8.8452,Gerüstbau Graf AG,47.42354,8.8437699,Construction & Landscaping
128,Bachs,47.5239,8.4394,Eichhof Bachs,47.521918,8.43597,Swiss Restaurant
129,Buch am Irchel,47.55,8.6333,Bosshard Söhne AG,47.55183,8.63228,Construction & Landscaping
130,Wädenswil,47.1757,8.6665,Restaurant Krone,47.17608739916388,8.664782815718922,Swiss Restaurant
131,Wädenswil,47.1757,8.6665,Krone,47.176329,8.670003,Restaurant
132,Geroldswil,47.4117,8.4156,Blumenprinz,47.4122927874423,8.415110011607188,Flower Shop
133,Geroldswil,47.4117,8.4156,Restaurant Föhrewäldli,47.410087,8.41672,Restaurant
134,Geroldswil,47.4117,8.4156,Föhrenwäldli,47.41094066449052,8.419214271545126,Food
135,Geroldswil,47.4117,8.4156,Sportanlage Dornau,47.41002411413422,8.411772825817195,Soccer Field
136,Wald (ZH),47.276,8.914,Bleiche Beiz,47.27571747095443,8.910195982828208,Restaurant
137,Wald (ZH),47.276,8.914,Coop,47.27319789245028,8.914596437153172,Supermarket
138,Wald (ZH),47.276,8.914,Voland Bäckerei Wald,47.27725302870422,8.91547991484326,Bakery
139,Wald (ZH),47.276,8.914,Shell,47.27373656,8.91188127,Gas Station
140,Oberembrach,47.4878,8.6183,Restaurant Mühle,47.487241,8.620049,Restaurant
141,Nürensdorf,47.4481,8.6491,Gasthof zum Bären,47.44710036022085,8.64874005317688,Swiss Restaurant
142,Nürensdorf,47.4481,8.6491,Hockey Bros,47.44623720725101,8.644062424346581,Sporting Goods Shop
143,Nürensdorf,47.4481,8.6491,Sportanlage Nürensdorf,47.45226379996812,8.647658331155217,Soccer Field
144,Nürensdorf,47.4481,8.6491,Cleantec AG,47.4518,8.65275,Home Service
145,Niederweningen,47.5061,8.3771,Kafi Wano,47.505485766192116,8.376177644706827,Café
146,Niederweningen,47.5061,8.3771,Restaurant Gasthof zum Löwen,47.507438,8.37959,Thai Restaurant
147,Niederweningen,47.5061,8.3771,Bahnhof Niederweningen-Dorf,47.50597669360676,8.380744443554786,Train Station
148,Niederweningen,47.5061,8.3771,Sportplatz Huebwies,47.505203,8.382451,Soccer Field
149,Niederhasli,47.4657,8.4988,Kornfeld,47.46809426013813,8.500648995615975,Swiss Restaurant
150,Niederhasli,47.4657,8.4988,Blumen Eberhard,47.46764661986641,8.493761268145484,Flower Shop
151,Niederhasli,47.4657,8.4988,"Oberhasli, Hasliberg",47.468721,8.503177,Bus Station
152,Niederglatt,47.4907,8.4999,Löwen,47.49135,8.50348,Swiss Restaurant
153,Niederglatt,47.4907,8.4999,Bäckerei Fleischli,47.489196409919366,8.50357716303655,Bakery
154,Niederglatt,47.4907,8.4999,TopPharm Sonnen Apotheke & Drogerie,47.49170497724425,8.504088407723735,Pharmacy
155,Niederglatt,47.4907,8.4999,Da Vinci,47.49359068911697,8.497440797953784,Italian Restaurant
156,Niederglatt,47.4907,8.4999,Bahnhof Niederglatt,47.48760204131989,8.503464769007994,Train Station
157,Neftenbach,47.5276,8.6649,Restaurant Rebe,47.527899,8.667439,Swiss Restaurant
158,Neerach,47.511,8.471,Fleischli,47.511813770557794,8.477539188712647,Bakery
159,Neerach,47.511,8.471,SMITH ART FOTOSTUDIO,47.509131,8.47528,Photography Studio
160,Neerach,47.511,8.471,Restaurant Riedpark,47.51381550387353,8.466905413637217,Italian Restaurant
161,Neerach,47.511,8.471,Pizzeria Riedpark,47.511525245322545,8.477510346358743,Pizza Place
162,Mönchaltorf,47.3096,8.7203,Ochsen Mönchaltdorf,47.310653933775995,8.720729121443979,Swiss Restaurant
163,Mönchaltorf,47.3096,8.7203,Mönchhof,47.310633055043496,8.7208621574796,Shopping Mall
164,Mönchaltorf,47.3096,8.7203,Müller & Jussel AG - BMW Motorrad Mönchaltorf,47.31067836151275,8.720663207654392,Motorcycle Shop
165,Mönchaltorf,47.3096,8.7203,Bio MILCHAUTOMAT 24H,47.31062077209085,8.72078336671012,Farmers Market
166,Mönchaltorf,47.3096,8.7203,Restaurant zur Mühle,47.310701117794125,8.720757722036373,Restaurant
167,Männedorf,47.2569,8.6989,Badi Hasenacker Männedorf,47.255558,8.700934,Pool
168,Männedorf,47.2569,8.6989,Hafen Männedorf,47.254358,8.69898,Boat or Ferry
169,Männedorf,47.2569,8.6989,Hirschbar,47.254457510097915,8.696008721927493,Bar
170,Männedorf,47.2569,8.6989,Volg,47.256889,8.704033,Food & Drink Shop
171,Männedorf,47.2569,8.6989,Esprit,47.253547453421696,8.697218024892882,Women's Store
172,Männedorf,47.2569,8.6989,Bushaltestelle Glärnischstrasse,47.25345956378445,8.702054179111684,Bus Stop
173,Mettmenstetten,47.2453,8.4635,Steakhouse Bahnhof,47.24421157471289,8.457767399123753,Restaurant
174,Mettmenstetten,47.2453,8.4635,Weisses Rössli,47.24369959847514,8.46307589475426,Swiss Restaurant
175,Mettmenstetten,47.2453,8.4635,Bahnhof Mettmenstetten,47.24399834812269,8.457266806293072,Train Station
176,Mettmenstetten,47.2453,8.4635,Spar,47.243829678412446,8.461150113527092,Grocery Store
177,Meilen,47.2723,8.6462,Bahnhof Meilen,47.269729417905275,8.644201755523682,Train Station
178,Meilen,47.2723,8.6462,Napulé,47.270039399031496,8.641845541163251,Pizza Place
179,Meilen,47.2723,8.6462,Migros,47.26819078358748,8.645350762365569,Grocery Store
180,Meilen,47.2723,8.6462,Sportplatz Allmend,47.27294821367922,8.649105667408959,Soccer Field
181,Meilen,47.2723,8.6462,Kiosk,47.26961095976248,8.644528235217775,Miscellaneous Shop
182,Meilen,47.2723,8.6462,Volg,47.27015983590524,8.64297996417831,Grocery Store
183,Meilen,47.2723,8.6462,Steiner,47.27041168199958,8.642414078994381,Bakery
184,Maur,47.3563,8.6266,Wirtshaus zur Trotte,47.356258866488425,8.62893432967012,Swiss Restaurant
185,Maur,47.3563,8.6266,Fechtsport Müller,47.355498632674376,8.628602027893066,Sporting Goods Shop
186,Maur,47.3563,8.6266,"Vicos Welt, die Hundedesigner",47.35752,8.62449,Pet Store
187,Maur,47.3563,8.6266,GGA Maur,47.3564886767417,8.63018796779215,IT Services
188,Stadel,47.5294,8.4635,Denner,47.528976,8.4647,Discount Store
189,Stadel,47.5294,8.4635,Pöstli,47.52803105413992,8.467055833882705,Restaurant
190,Stadel,47.5294,8.4635,Brauerei,47.52666306175189,8.468728662058012,Swiss Restaurant
191,Stallikon,47.3258,8.4897,Restaurant Schwarzer Hecht,47.32582070594183,8.489803977408062,Italian Restaurant
192,Stallikon,47.3258,8.4897,MAVOROKEY,47.3233989,8.4910605,Locksmith
193,Stammheim,47.622,8.7782,Carmine Sileno,47.62061,8.777699,Gourmet Shop
194,Stammheim,47.622,8.7782,Schloss Waltingen,47.623407,8.7767,Swiss Restaurant
195,Maschwanden,47.2343,8.4271,"Maschwanden, Dorf",47.23439861606079,8.425612846463371,Bus Station
196,Maschwanden,47.2343,8.4271,Strebel GmbH,47.23494,8.43182,Construction & Landscaping
197,Marthalen,47.6291,8.6533,Blumen Vergissmeinnicht,47.625779,8.649124,Flower Shop
198,Lufingen,47.4911,8.5943,Tibi Blanco Cleaning Services,47.4911065,8.593955700000038,Business Service
199,Lufingen,47.4911,8.5943,Gasthof zum Hirschen,47.48942507238839,8.594263431819481,Restaurant
200,Lufingen,47.4911,8.5943,Freihof,47.48908617440625,8.594239887948694,Restaurant
201,Lufingen,47.4911,8.5943,Volg Lufingen,47.4889856113047,8.594013484025242,Shopping Mall
202,Steinmaur,47.4904,8.4369,Weiher Steinmaur,47.491535,8.4412155,Lake
203,Steinmaur,47.4904,8.4369,Weiher Sünikon,47.491914,8.441112,Lake
204,Lindau,47.443000000000005,8.6736,Restaurant Roessli,47.44189058381162,8.672161102294922,Mediterranean Restaurant
205,Stäfa,47.2367,8.7573,Bahnhof Feldbach,47.237150719354204,8.755686131984122,Train Station
206,Stäfa,47.2367,8.7573,Frei Metallbau AG,47.236147,8.758653,Locksmith
207,Stäfa,47.2367,8.7573,Restaurant Seehof Uerikon,47.23472298596881,8.754959823109292,Seafood Restaurant
208,Stäfa,47.2367,8.7573,Bahnhof Uerikon,47.23590321609479,8.75263688875991,Train Station
209,Langnau am Albis,47.2889,8.5411,Bacher Gartencenter,47.286494,8.544262,Flower Shop
210,Langnau am Albis,47.2889,8.5411,Coop,47.28914735413493,8.539603580697369,Supermarket
211,Langnau am Albis,47.2889,8.5411,Tennis & Squash Center Sihltal,47.29245870181336,8.541928151589339,Tennis Stadium
212,Langnau am Albis,47.2889,8.5411,Restaurant Nishat,47.287769,8.543147,Indian Restaurant
213,Langnau am Albis,47.2889,8.5411,Tamoil,47.28836472,8.54366196,Gas Station
214,Langnau am Albis,47.2889,8.5411,Bahnhof Langnau,47.287685,8.54346,Train Station
215,Langnau am Albis,47.2889,8.5411,SZU Langnau-Gattikon,47.2871582168447,8.543663366661319,Light Rail Station
216,Langnau am Albis,47.2889,8.5411,Szenario,47.28742163506495,8.544978452094497,Swiss Restaurant
217,Küsnacht (ZH),47.3181,8.584,Chez Crettol,47.31786660538452,8.582612090596268,Swiss Restaurant
218,Küsnacht (ZH),47.3181,8.584,Confisserie Honold,47.31595760026464,8.586400979188426,Bakery
219,Küsnacht (ZH),47.3181,8.584,Romantik Seehotel Sonne,47.319035,8.578906,Hotel
220,Küsnacht (ZH),47.3181,8.584,Rico's Kunststuben,47.31552,8.57993,Bar
221,Küsnacht (ZH),47.3181,8.584,Migros,47.31850293709345,8.58187253307843,Grocery Store
222,Küsnacht (ZH),47.3181,8.584,Coop,47.3178871864193,8.581615836705309,Supermarket
223,Küsnacht (ZH),47.3181,8.584,Bahnhof Küsnacht,47.318766919772045,8.581256338809906,Train Station
224,Küsnacht (ZH),47.3181,8.584,Restaurant Neuer Falken,47.317457,8.581981,Italian Restaurant
225,Küsnacht (ZH),47.3181,8.584,Papeterie Köhler,47.31870860757438,8.580236434936523,Paper / Office Supplies Store
226,Küsnacht (ZH),47.3181,8.584,ThaiAway,47.319390665023384,8.580086545103075,Asian Restaurant
227,Küsnacht (ZH),47.3181,8.584,Biergarten / Lounge Sonne,47.319438,8.578622,Beer Garden
228,Knonau,47.2235,8.462,Rastplatz Eitenberg,47.22769630551363,8.462100460893604,Rest Area
229,Knonau,47.2235,8.462,Kraut & Rosen GmbH,47.223108,8.462934,Flower Shop
230,Knonau,47.2235,8.462,Kraut und Rosen,47.22290450433875,8.465492911932886,Flower Shop
231,Knonau,47.2235,8.462,Gelateria Fiorenza,47.22179719418097,8.465480835994345,Dessert Shop
232,Knonau,47.2235,8.462,Malabar,47.22009,8.46609,Indian Restaurant
233,Oberengstringen,47.4084,8.4651,migros,47.408863,8.462974,Supermarket
234,Oberengstringen,47.4084,8.4651,thai curry original food,47.40826,8.465443,Thai Restaurant
235,Oberengstringen,47.4084,8.4651,Pizzeria okay italia,47.40841381284679,8.465352058410645,Pizza Place
236,Oberengstringen,47.4084,8.4651,Meuli Bäckerei,47.408994092843905,8.461889336941299,Bakery
237,Oberengstringen,47.4084,8.4651,Vitaparcour Oberengstringen,47.409675684543956,8.469639166476899,Trail
238,Seuzach,47.5356,8.7321,Coop,47.53698996,8.73405111,Convenience Store
239,Seuzach,47.5356,8.7321,Migros,47.5355381677232,8.730358929309816,Grocery Store
240,Seuzach,47.5356,8.7321,Pizzeria Barone,47.536701,8.729802,Italian Restaurant
241,Seuzach,47.5356,8.7321,avec.,47.536111,8.735192,Grocery Store
242,Seuzach,47.5356,8.7321,Bahnhof Seuzach,47.53618157803943,8.7376070022583,Train Station
243,Oberglatt,47.4758,8.519,Bäckerei Fleischli Niederglatt,47.476558007769064,8.519375945317966,Bakery
244,Oberrieden,47.2744,8.5784,Kölli Beck,47.27809251078628,8.575746249293505,Breakfast Spot
245,Oberrieden,47.2744,8.5784,Key West,47.27264496407488,8.577913004556564,Seafood Restaurant
246,Oberrieden,47.2744,8.5784,Bahnhof Oberrieden Dorf,47.27669906649536,8.5777245599007,Train Station
247,Oberrieden,47.2744,8.5784,Seebadi Oberrieden,47.27614869079009,8.581961785326136,Lake
248,Oberrieden,47.2744,8.5784,Migrolino,47.27673549,8.57760195,Grocery Store
249,Rüti (ZH),47.256,8.8555,newshape,47.25414,8.852931,Gym / Fitness Center
250,Rüti (ZH),47.256,8.8555,Do It + Garden Migros,47.25310650299323,8.853349685668945,Hardware Store
251,Rüti (ZH),47.256,8.8555,Migros Outlet,47.253054,8.853308,Shopping Mall
252,Rüti (ZH),47.256,8.8555,Walco Malerei GmbH,47.25297,8.85872,Construction & Landscaping
253,Rüschlikon,47.3069,8.5514,Belvoir,47.305922881236434,8.550432010298314,Hotel
254,Rüschlikon,47.3069,8.5514,Pizzeria Da Toni,47.309024769725234,8.554514186189634,Italian Restaurant
255,Rüschlikon,47.3069,8.5514,Restaurant Rose,47.308895883980206,8.555114694617972,Restaurant
256,Rüschlikon,47.3069,8.5514,Bahnhof Rüschlikon,47.306997799259,8.555103061968605,Train Station
257,Rüschlikon,47.3069,8.5514,moosegg,47.306785719354984,8.549567822944756,Swiss Restaurant
258,Rüschlikon,47.3069,8.5514,"VBZ, Rüschlikon Bahnhof",47.30836903927734,8.553734694276955,Bus Station
259,Rüschlikon,47.3069,8.5514,Sportplatz Moos,47.307343,8.545557,Athletics & Sports
260,Rüschlikon,47.3069,8.5514,Prodega Rüschlikon,47.30382,8.547055,Grocery Store
261,Rümlang,47.4504,8.5299,Ristorante Romantica 1,47.452677658636034,8.529640919246868,Pizza Place
262,Rümlang,47.4504,8.5299,Ristorante Sorriso,47.45129273903525,8.529042075189853,Pizza Place
263,Rümlang,47.4504,8.5299,Bahnhof Rümlang,47.45374485503769,8.532927326914475,Train Station
264,Rorbas,47.5309,8.5756,Al Cervo,47.5304992092724,8.575145925048,Italian Restaurant
265,Rorbas,47.5309,8.5756,Strässler Fire & Design GmbH,47.53113,8.5753299,Furniture / Home Store
266,Rorbas,47.5309,8.5756,Restaurant Freihof,47.531328,8.57789,Comfort Food Restaurant
267,Rorbas,47.5309,8.5756,Café Rorboz,47.529588,8.578879,Bistro
268,Rorbas,47.5309,8.5756,Gasthaus adler,47.528807,8.580374,Swiss Restaurant
269,Rifferswil,47.2437,8.4969,Restaurant zur Post,47.24240513032787,8.495900162847827,Swiss Restaurant
270,Rifferswil,47.2437,8.4969,Café Saisongeschichten,47.242031,8.493656,Café
271,Rickenbach (ZH),47.5519,8.7965,"Rickenbach, ZH Dorf",47.551642,8.794826,Bus Station
272,Rickenbach (ZH),47.5519,8.7965,Restaurant Alte Mühle,47.55229476964843,8.79923274773508,Restaurant
273,Rickenbach (ZH),47.5519,8.7965,Restaurant Pizzeria Wiesental,47.549825868648284,8.792719743791384,Pizza Place
274,Richterswil,47.1917,8.682,Steiner-Beck,47.192918339000144,8.67862591592336,Food & Drink Shop
275,Richterswil,47.1917,8.682,Renova Roll AG,47.191326,8.679725,Furniture / Home Store
276,Richterswil,47.1917,8.682,SOB Bahnhof Samstagern,47.19155974203549,8.686100816677268,Train Station
277,Richterswil,47.1917,8.682,BTS Befestigungstechnik,47.18918,8.67981,Hardware Store
278,Richterswil,47.1917,8.682,Gasthof Schmiedehof,47.192427,8.675586,Gastropub
279,Rheinau,47.6328,8.6025,Brecherfest,47.631791,8.603489,Bar
280,Regensberg,47.483000000000004,8.4379,Panorama von Regensberg,47.48262533452795,8.438763205851304,Scenic Lookout
281,Regensberg,47.483000000000004,8.4379,Schloss Regensberg,47.48095938687772,8.435559313206909,Scenic Lookout
282,Regensberg,47.483000000000004,8.4379,La Corbeille,47.48294302933497,8.438067576814966,Restaurant
283,Regensberg,47.483000000000004,8.4379,Restaurant Löwen Kurt,47.482121,8.436507,Mediterranean Restaurant
284,Regensberg,47.483000000000004,8.4379,Krone Regensberg,47.48267,8.438891,Hotel
285,Schlatt (ZH),47.4667,8.8282,Kosmetikstudio Balance,47.466771,8.828209,Health & Beauty Service
286,Schlatt (ZH),47.4667,8.8282,Presserie Tüebberg,47.467584,8.822613,Brewery
287,Kloten,47.458,8.5853,Siam Square,47.455994969606024,8.579877018928528,Thai Restaurant
288,Kloten,47.458,8.5853,Merdan Market,47.458841157561835,8.582998526911341,Market
289,Kloten,47.458,8.5853,Wirtschaft Helvetica,47.45810479624268,8.579705852371454,Swiss Restaurant
290,Kloten,47.458,8.5853,Kiosque Caserne,47.460448924488,8.580409869513415,Sandwich Place
291,Rafz,47.6044,8.543,Hauenstein Gartencenter Rafz,47.60830756060403,8.543883560012548,Flower Shop
292,Rafz,47.6044,8.543,Bahnhof Rafz,47.60357451519127,8.543441420033142,Train Station
293,Rafz,47.6044,8.543,Koch Gebr. AG,47.601949,8.540182,Locksmith
294,Rafz,47.6044,8.543,Restaurant Botanica,47.608393290954275,8.543930033917574,Restaurant
295,Pfäffikon,47.3443,8.8065,Restaurant Sonne,47.344688155170445,8.807322732363597,Restaurant
296,Pfungen,47.5139,8.6423,pfungen schwimbad,47.516334533691406,8.645609855651855,Beach
297,Pfungen,47.5139,8.6423,Bahnhof Pfungen,47.51603467445565,8.646538264259025,Train Station
298,Pfungen,47.5139,8.6423,Landgasthof Sternen Pfungen,47.5176593913792,8.638901599442681,Gastropub
299,Schwerzenbach,47.3821,8.6573,Bahnhof Schwerzenbach,47.3844586921961,8.65825829557709,Train Station
300,Schwerzenbach,47.3821,8.6573,Migrolino,47.38461187,8.6584269,Grocery Store
301,Schwerzenbach,47.3821,8.6573,ZVV Schwerzenbach,47.38423120755673,8.659723414388194,Train Station
302,Schwerzenbach,47.3821,8.6573,Chimlimärt,47.38503559206006,8.656807768925532,Shopping Mall
303,Ottenbach,47.2823,8.4043,IC Zürich-Basel,47.28067705095256,8.404215415066444,Moving Target
304,Ottenbach,47.2823,8.4043,Neuhof Pub,47.280512425000005,8.40430895,Pub
305,Otelfingen,47.4605,8.3914,Brauerei Otelfingen,47.46228070191766,8.390126075203597,Brewery
306,Otelfingen,47.4605,8.3914,Restaurant Höfli,47.459923231229794,8.388348615716266,Swiss Restaurant
307,Otelfingen,47.4605,8.3914,Spar Otelfingen,47.459728762855605,8.38726431723858,Grocery Store
308,Ossingen,47.6118,8.7278,Kaffeeblüte,47.613367,8.725951,Flower Shop
309,Ossingen,47.6118,8.7278,Thalacker,47.61455337875333,8.725204467773438,Restaurant
310,Ossingen,47.6118,8.7278,Bahnhof Ossingen,47.613236,8.721668,Train Station
311,Seegräben,47.3351,8.77,Neue Spinnerei Restaurant,47.33525778920058,8.7691860057305,Swiss Restaurant
312,Seegräben,47.3351,8.77,Perron Aathal,47.3355719562925,8.76634499073075,Train Station
313,Seegräben,47.3351,8.77,Aathal,47.33568434619595,8.766081586146315,Train Station
314,Seegräben,47.3351,8.77,Bahnhof Aathal,47.33699193566197,8.766372701346477,Train Station
315,Opfikon,47.4315,8.5693,Restaurant Frohsinn,47.4317964670386,8.573050605343616,Swiss Restaurant
316,Opfikon,47.4315,8.5693,Fujiya of Japan,47.431451662671506,8.566767813434991,Japanese Restaurant
317,Opfikon,47.4315,8.5693,Glatthof,47.434887224233265,8.567573156417676,Swiss Restaurant
318,Opfikon,47.4315,8.5693,Casa Alegria,47.43371615931146,8.566037249671998,Mexican Restaurant
319,Opfikon,47.4315,8.5693,China Fast & Good,47.433932626133455,8.566220596825284,Chinese Restaurant
320,Opfikon,47.4315,8.5693,Lemon Food & Drinks,47.4326209980792,8.564152804165243,Kebab Restaurant
321,Opfikon,47.4315,8.5693,Best Western Hotel Airport,47.431478369754664,8.566896533021868,Hotel
322,Opfikon,47.4315,8.5693,Levante,47.43266181276572,8.56469960975663,Argentinian Restaurant
323,Opfikon,47.4315,8.5693,Coop,47.434543291947854,8.567076719015446,Supermarket
324,Opfikon,47.4315,8.5693,Frei- und Hallenbad Bruggwiesen Opfikon,47.42957805147869,8.574816374471142,Pool
325,Opfikon,47.4315,8.5693,Migros,47.4340807373698,8.567960063112109,Supermarket
326,Opfikon,47.4315,8.5693,Pamukkale Kebap,47.434337,8.568118,Kebab Restaurant
327,Opfikon,47.4315,8.5693,Zsechuan China Rest,47.434336820546115,8.567913652893575,Asian Restaurant
328,Opfikon,47.4315,8.5693,Beckerei Keller,47.434328,8.567365,Bakery
329,Opfikon,47.4315,8.5693,H Glattbrugg Zentrum,47.433911636928855,8.565788247595583,Bus Stop
330,Opfikon,47.4315,8.5693,Denner Express,47.42959757831637,8.574792684620881,Grocery Store
331,Opfikon,47.4315,8.5693,"Opfikon, Schulstrasse",47.42954094869843,8.574806063554966,Bus Station
332,Oetwil an der Limmat,47.4283,8.3949,Zvv Post,47.42789,8.394873,Bus Stop
333,Oetwil am See,47.2705,8.7202,Landgasthof Sternen,47.27094516871828,8.719840049743652,Swiss Restaurant
334,Oetwil am See,47.2705,8.7202,"ZVV Oetwil am See, Zentrum",47.27015955676553,8.720907165633667,Bus Station
335,Oetwil am See,47.2705,8.7202,Restaurant Pizzeria Zelgli,47.272536343186275,8.720447047200969,Italian Restaurant
336,Oetwil am See,47.2705,8.7202,Dubach M. Barvermietung,47.269569,8.716976,Event Service
337,Obfelden,47.2641,8.4215,Kurt Wohndesign,47.262941,8.424841,Furniture / Home Store
338,Obfelden,47.2641,8.4215,Pfyl,47.267254798196234,8.424112843478088,Bakery
339,Obfelden,47.2641,8.4215,Glaserei Piccini GmbH,47.261741,8.416594,Furniture / Home Store
340,Obfelden,47.2641,8.4215,"Obfelden, Bachstrasse",47.2614,8.41663,Bus Station
341,Oberweningen,47.5023,8.407,Bahnhof Schöfflisdorf - Oberweningen,47.49945482093631,8.411834420078515,Train Station
342,Schlieren,47.3967,8.4476,Rolli's Steakhouse,47.39712408617689,8.448062084964038,American Restaurant
343,Schlieren,47.3967,8.4476,Wirtschaft zum Stürmeierhuus,47.3957839107912,8.445911845284801,Restaurant
344,Schlieren,47.3967,8.4476,Pizzeria Corona,47.39904476131477,8.447938849116749,Italian Restaurant
345,Schlieren,47.3967,8.4476,Pizzaway,47.400961,8.448726,Pizza Place
346,Schlieren,47.3967,8.4476,Bahnhof Schlieren,47.39914997403367,8.447405658866321,Train Station
347,Schlieren,47.3967,8.4476,Casa Amici,47.398139,8.450299,Italian Restaurant
348,Schlieren,47.3967,8.4476,Migros,47.39802607275491,8.447569143693892,Supermarket
349,Schlieren,47.3967,8.4476,VITIS SportCenter,47.399757115928885,8.44526176490597,Tennis Stadium
350,Schlieren,47.3967,8.4476,Coop,47.39732880484009,8.448158267425907,Supermarket
351,Schlieren,47.3967,8.4476,Salmen,47.39618837790735,8.448268009599635,Italian Restaurant
352,Schlieren,47.3967,8.4476,Hotel Tivoli,47.39823802216035,8.452468409528414,Hotel
353,Schlieren,47.3967,8.4476,ZVV Zentrum/Bahnhof,47.39779726123587,8.447563648223877,Bus Stop
354,Schlieren,47.3967,8.4476,Stadtpark Schlieren,47.39746232538492,8.446998856014643,Park
355,Schlieren,47.3967,8.4476,Migrolino,47.39884911,8.44748536,Grocery Store
356,Schlieren,47.3967,8.4476,Suwannaphum,47.398254,8.4514265,Asian Restaurant
357,Schlieren,47.3967,8.4476,ZVV Wagonsfabrik,47.39841482371255,8.453647687504564,Bus Stop
358,Kleinandelfingen,47.5989,8.6437,Alten Wespersbühl,47.59857908044524,8.64433144705941,Vineyard
359,Kilchberg (ZH),47.3244,8.5455,Restaurant Oberer Mönchhof,47.325781570514195,8.544915983533526,Gastropub
360,Kilchberg (ZH),47.3244,8.5455,Stockengut,47.32371239340671,8.539831638336182,Farm
361,Kilchberg (ZH),47.3244,8.5455,Coop,47.32312745969859,8.548732377013572,Supermarket
362,Kilchberg (ZH),47.3244,8.5455,Bahnhof Kilchberg,47.324461155416685,8.547951558468688,Train Station
363,Kappel am Albis,47.2281,8.5273,Scuba-Shop Scherrer GmbH,47.22648,8.52628,Athletics & Sports
364,Kappel am Albis,47.2281,8.5273,Denner,47.22974968835235,8.527092673627077,Discount Store
365,Kappel am Albis,47.2281,8.5273,Restaurant Klosterkeller,47.22737912090838,8.524081707000732,Swiss Restaurant
366,Fischenthal,47.3153,8.9141,Gibswiler Stube,47.313357,8.913948,Pizza Place
367,Fischenthal,47.3153,8.9141,Bahnhof Gibswil,47.313286181498064,8.91507333703546,Train Station
368,Fischenthal,47.3153,8.9141,Praxis Sarton,47.31255504683447,8.912765979766846,Massage Studio
369,Unterengstringen,47.413999999999994,8.4476,Mandarin China Restaurant,47.412882508704115,8.449855951662519,Chinese Restaurant
370,Unterengstringen,47.413999999999994,8.4476,Gartencenter Hoffmann AG,47.41247420242471,8.448529762853177,Hobby Shop
371,Unterengstringen,47.413999999999994,8.4476,ZVV Sennenbüel,47.41215813263522,8.44906256836699,Bus Stop
372,Unterengstringen,47.413999999999994,8.4476,Limmatuferweg Unterengstringen,47.409895680555245,8.448848688153044,River
373,Feuerthalen,47.6905,8.6436,Coop Rhy Markt,47.69104367651065,8.646598939933504,Shopping Mall
374,Fehraltorf,47.3878,8.7515,Steiner,47.387917467897296,8.75230616139454,Bakery
375,Fehraltorf,47.3878,8.7515,"Gasthof Zum Hecht, Fehraltorf",47.387221,8.753142,Restaurant
376,Fehraltorf,47.3878,8.7515,Migros,47.386469956181074,8.751677456955266,Food & Drink Shop
377,Fehraltorf,47.3878,8.7515,Migros Fehraltorf,47.38672436800717,8.754323104843241,Food & Drink Shop
378,Fehraltorf,47.3878,8.7515,GameTurnier.ch,47.388464257320905,8.755191564559937,Soccer Field
379,Fehraltorf,47.3878,8.7515,R. Werner AG Heizung & Sanitär - Lager,47.39047,8.7518,Construction & Landscaping
380,Fehraltorf,47.3878,8.7515,InstaControl AG,47.386661,8.747812,Construction & Landscaping
381,Fehraltorf,47.3878,8.7515,Restaurant&Lounge Pumpkin,47.388284,8.745215,Restaurant
382,Urdorf,47.3851,8.4258,Steinerhof Urdorf,47.38194574032764,8.42268081550924,Swiss Restaurant
383,Urdorf,47.3851,8.4258,Migros,47.3845767975551,8.422120700561925,Grocery Store
384,Urdorf,47.3851,8.4258,Coop Spitzacker,47.38489043298386,8.422362896531606,Grocery Store
385,Urdorf,47.3851,8.4258,Prontophot,47.3848834,8.4222555,Photography Studio
386,Urdorf,47.3851,8.4258,Tschagli's Kebab,47.384212,8.422108,Kebab Restaurant
387,Urdorf,47.3851,8.4258,ZVV Spitzacker,47.384490680822246,8.421690819966003,Bus Stop
388,Urdorf,47.3851,8.4258,Die Schweizerische Post,47.38362125379545,8.422129341237472,Post Office
389,Urdorf,47.3851,8.4258,Wirtschaft zur Sonne,47.381702868769345,8.422389387565714,Italian Restaurant
390,Uster,47.3471,8.7209,Activ Fitness,47.35001518457584,8.718245861684718,Gym
391,Uster,47.3471,8.7209,Ichiban 178,47.34829985498634,8.715801409534615,Japanese Restaurant
392,Uster,47.3471,8.7209,Molino,47.34905872095287,8.716947761552346,Italian Restaurant
393,Uster,47.3471,8.7209,Migros,47.35022524984325,8.716155599407115,Grocery Store
394,Uster,47.3471,8.7209,Suanlong Uster,47.3489252492076,8.716846180919582,Asian Restaurant
395,Uster,47.3471,8.7209,McDonald's,47.35028319512881,8.718369414740094,Fast Food Restaurant
396,Uster,47.3471,8.7209,Bahnhof Uster,47.35075260797323,8.717877430529569,Train Station
397,Uster,47.3471,8.7209,Argentina Steakhouse Uster,47.34491597300267,8.718101978301748,Argentinian Restaurant
398,Uster,47.3471,8.7209,Fust Bäckerei Und Café,47.347769737242274,8.718105,Breakfast Spot
399,Uster,47.3471,8.7209,The Porter House,47.350156,8.719931,Irish Pub
400,Uster,47.3471,8.7209,Müller,47.349723,8.7183549,Pharmacy
401,Uster,47.3471,8.7209,Restaurant zur Kastanie,47.346644,8.715674,Italian Restaurant
402,Uster,47.3471,8.7209,Brezelkönig,47.35064690279677,8.717952648720468,Snack Place
403,Uster,47.3471,8.7209,Stadthofsaal Uster,47.34904405589742,8.715344667434692,Theater
404,Erlenbach (ZH),47.303000000000004,8.5974,Cafe Brändle,47.30328368723325,8.591208513818732,Bakery
405,Erlenbach (ZH),47.303000000000004,8.5974,Erlenbacher Tobel,47.30298049753156,8.59294283261446,Trail
406,Erlenbach (ZH),47.303000000000004,8.5974,Erlibacherhof,47.301971153107075,8.592721818242136,Restaurant
407,Erlenbach (ZH),47.303000000000004,8.5974,Pizza & KebabSeetreff,47.30340547527638,8.591851547776276,Fast Food Restaurant
408,Erlenbach (ZH),47.303000000000004,8.5974,Tai Pan,47.3045539855957,8.591501712799072,Asian Restaurant
409,Erlenbach (ZH),47.303000000000004,8.5974,Restaurant Taipan,47.30490210174564,8.591651916503906,Thai Restaurant
410,Embrach,47.5056,8.5941,"ZVV Embrach, Post",47.50613772510972,8.593617101652095,Bus Station
411,Embrach,47.5056,8.5941,Don Fon [东方酒家],47.504031169986575,8.59436432940714,Chinese Restaurant
412,Embrach,47.5056,8.5941,Bäckerei Center,47.502855658585524,8.59479921561317,Shopping Mall
413,Embrach,47.5056,8.5941,Embrach,47.501922305241024,8.59488612411351,Bus Station
414,Embrach,47.5056,8.5941,Freihof,47.50185029504727,8.594950000133268,Swiss Restaurant
415,Embrach,47.5056,8.5941,Volg Embrach,47.50181001857664,8.594857158532653,Food & Drink Shop
416,Ellikon an der Thur,47.563,8.8233,Restaurant Steinfels,47.563,8.8254,Mediterranean Restaurant
417,Ellikon an der Thur,47.563,8.8233,René Bachofner AG Altbausanierungen,47.56651204845943,8.826968161971308,Construction & Landscaping
418,Elgg,47.4972,8.8652,Bahnhof Elgg,47.498360020623466,8.863284226822152,Train Station
419,Elgg,47.4972,8.8652,Oskar Mengeu,47.49861013,8.86193418,Furniture / Home Store
420,Elgg,47.4972,8.8652,Huus Bar,47.496836,8.869637,Bar
421,Eglisau,47.5774,8.5212,"Gasthof Hirschen, Eglisau",47.5751397757544,8.525367393825398,Swiss Restaurant
422,Eglisau,47.5774,8.5212,Rhi Eglisau,47.57474300318936,8.525700712496507,Beach
423,Eglisau,47.5774,8.5212,outlet Migros,47.57643088063346,8.521194534423744,Miscellaneous Shop
424,Eglisau,47.5774,8.5212,Nachtwächter,47.57564092165845,8.52372321292537,Café
425,Eglisau,47.5774,8.5212,Vivi Bar,47.575388871831656,8.52382149530926,Bistro
426,Eglisau,47.5774,8.5212,Rhybar,47.57538214068502,8.524038791656494,Dessert Shop
427,Eglisau,47.5774,8.5212,Vivi Cafe,47.57547896846921,8.524557667845345,Café
428,Egg,47.3074,8.6834,Restaurant Grütli,47.307150087435595,8.68246078491211,Italian Restaurant
429,Egg,47.3074,8.6834,ZVV Hinteregg,47.30581109012162,8.683851546405172,Light Rail Station
430,Egg,47.3074,8.6834,Reto Caprez,47.305085,8.684843,Construction & Landscaping
431,Egg,47.3074,8.6834,ADH Haushaltgeräte AG,47.306893,8.689819,Construction & Landscaping
432,Flaach,47.5761,8.6063,Restaurant Sternen,47.57416142367076,8.602360784910607,Restaurant
433,Flaach,47.5761,8.6063,Kilchsperger Weingut,47.57460077047904,8.603302641855928,Wine Bar
434,Flaach,47.5761,8.6063,Zimmermann Flaach AG Blumen & Gartenbau (Zimmermann Flaach AG),47.575745,8.612027,Flower Shop
435,Dürnten,47.2786,8.8416,Fägy,47.281407,8.843298,Recreation Center
436,Dättlikon,47.5249,8.6245,Gasthof Traube,47.524882,8.62295,Swiss Restaurant
437,Dättlikon,47.5249,8.6245,Restaurant Traube,47.52524185180664,8.621804237365723,Swiss Restaurant
438,Dänikon,47.4467,8.4065,Theater Taninchova,47.445726,8.405515,Theater
439,Dänikon,47.4467,8.4065,Dömes-Bierstub,47.44571,8.405388,Beer Bar
440,Dänikon,47.4467,8.4065,Kayser AG,47.447321,8.408706,Home Service
441,Dänikon,47.4467,8.4065,Frohsinn - Mampf-Platz.ch,47.445622194267465,8.40402380842101,Restaurant
442,Dänikon,47.4467,8.4065,Glas-Egge,47.44643783569336,8.403346061706543,Gift Shop
443,Dänikon,47.4467,8.4065,NeutralAir,47.44489,8.40989,Construction & Landscaping
444,Dällikon,47.4397,8.44,Pizzakurier Volante,47.439508,8.439892,Restaurant
445,Dällikon,47.4397,8.44,Spar,47.43943891686727,8.440704135723973,Shopping Mall
446,Dällikon,47.4397,8.44,Amadeus Entertainment AG,47.439,8.4381299,Event Service
447,Dällikon,47.4397,8.44,Eva Barus - Sales Promotion,47.438137,8.44265,Miscellaneous Shop
448,Dällikon,47.4397,8.44,ZVV Dällikon Seitenacker,47.438438415527344,8.444708824157715,Bus Station
449,Dorf,47.5729,8.6478,Lützelflüh,47.572577,8.650134,Train Station
450,Dorf,47.5729,8.6478,Bushaltestelle Dorf,47.572699918892006,8.652000041951467,Bus Stop
451,Dorf,47.5729,8.6478,Pumbo Playtown,47.57229895770298,8.652701435792348,Gaming Cafe
452,Dietlikon,47.4183,8.6188,Bahnhof Dietlikon,47.42009339506482,8.619489399758399,Train Station
453,Dietlikon,47.4183,8.6188,Globus Outlet,47.41497581618793,8.620952076940952,Men's Store
454,Dietlikon,47.4183,8.6188,Coop,47.422175228057796,8.618759769952268,Supermarket
455,Dietlikon,47.4183,8.6188,Mediamarkt,47.41495910291948,8.620983486416527,Electronics Store
456,Dietlikon,47.4183,8.6188,Coop Pronto,47.4192917,8.6246092,Gas Station
457,Dietlikon,47.4183,8.6188,Beck24 Gastro GmbH,47.41534537127939,8.619965736823545,Bakery
458,Dietlikon,47.4183,8.6188,Burger King,47.41898320593868,8.624490262905043,Fast Food Restaurant
459,Dietlikon,47.4183,8.6188,ZVV Dietlikon Bahnhof/Bad,47.420144762905316,8.619549917546925,Bus Station
460,Dietlikon,47.4183,8.6188,Avec Bahnhof Dietlikon,47.42020288340237,8.619451299104847,Food & Drink Shop
461,Dietlikon,47.4183,8.6188,avec.,47.42035465698146,8.619431230669097,Grocery Store
462,Dietlikon,47.4183,8.6188,Amethyst Studio,47.417107,8.616143,Nail Salon
463,Dietlikon,47.4183,8.6188,Restaurant Bahnhof / San Marco,47.42112654165416,8.619533796425086,Italian Restaurant
464,Dietlikon,47.4183,8.6188,Ochsner Sport,47.4150194052569,8.62076635840182,Sporting Goods Shop
465,Dietlikon,47.4183,8.6188,C&A,47.41505113282344,8.620937572563406,Clothing Store
466,Dietlikon,47.4183,8.6188,Restaurant Kiebitz,47.41471065192448,8.61924917320839,Mediterranean Restaurant
467,Dietikon,47.4017,8.4001,Freizeitanlage Chrüzacher,47.39967609206341,8.399819927384513,Playground
468,Dietikon,47.4017,8.4001,Migros,47.405140057801546,8.402468640434142,Supermarket
469,Dietikon,47.4017,8.4001,Tomate,47.405363944117376,8.4033644761404,Italian Restaurant
470,Dietikon,47.4017,8.4001,Coop,47.40380802192498,8.402275356095336,Supermarket
471,Dietikon,47.4017,8.4001,El Pablo,47.405497,8.399155,Burrito Place
472,Dietikon,47.4017,8.4001,Heimat,47.40225093668162,8.39577788414136,Swiss Restaurant
473,Dietikon,47.4017,8.4001,Chilling,47.405145277601406,8.402602204066575,Hookah Bar
474,Dietikon,47.4017,8.4001,Hotel Sommerau Ticino Dietikon,47.40241611226706,8.405422522858892,Hotel
475,Dietikon,47.4017,8.4001,Ali Baba City,47.40462605760447,8.402312520573041,Doner Restaurant
476,Dietikon,47.4017,8.4001,ZVV Sommerau,47.402790089688494,8.40574597132153,Bus Stop
477,Dietikon,47.4017,8.4001,Müller Drogerie,47.40311794,8.40610528,Drugstore
478,Dietikon,47.4017,8.4001,ALDI Suisse,47.403,8.4061,Supermarket
479,Dielsdorf,47.4815,8.4585,Bahnhof Dielsdorf,47.48208112133606,8.459750019625593,Train Station
480,Dielsdorf,47.4815,8.4585,Migros,47.48063798107267,8.464033335444565,Shopping Mall
481,Dielsdorf,47.4815,8.4585,Hotel Restaurant Lowen Dielsdorf,47.48373111560886,8.455175871964896,Hotel
482,Dielsdorf,47.4815,8.4585,Bäckerei-Conditorei Fleischli,47.48187146469816,8.453074444764658,Bakery
483,Dielsdorf,47.4815,8.4585,Buchhandlung zum Gerren,47.48194087845841,8.456479436828344,Bookstore
484,Dielsdorf,47.4815,8.4585,Papeterie Vögeli,47.480788889963215,8.453984668295437,Paper / Office Supplies Store
485,Dielsdorf,47.4815,8.4585,Blumen Bethli,47.48188242744213,8.453354851942095,Flower Shop
486,Dielsdorf,47.4815,8.4585,Fujifilm (Switzerland) AG,47.48253,8.46428,Camera Store
487,Dachsen,47.6652,8.6179,Badi Dachsen (Bachdelle),47.66208198228364,8.616378328355458,Beach
488,Dachsen,47.6652,8.6179,Café Dachs,47.66645431518555,8.615736961364746,Café
489,Dachsen,47.6652,8.6179,Home & Garden Services,47.663083,8.620778,Business Service
490,Dachsen,47.6652,8.6179,Bahnhof Dachsen,47.66679071442561,8.613983357703262,Train Station
491,Dachsen,47.6652,8.6179,Herzog Zäune GmbH,47.660992,8.619413,Construction & Landscaping
492,Volken,47.5748,8.6258,Wirtschaft zur Post,47.574253,8.624911,Restaurant
493,Volketswil,47.3839,8.7176,Feuerwehrbeiz Gutenswil,47.383691,8.715647,Restaurant
494,Volketswil,47.3839,8.7176,Gasthaus zum Sternen,47.38547065789783,8.718675432661014,Restaurant
495,Volketswil,47.3839,8.7176,Grossacher Gutenswil,47.38167106817569,8.715409572562896,Bus Station
496,Volketswil,47.3839,8.7176,Brauerei Uster,47.381645653289546,8.715388104238395,Brewery
497,Dübendorf,47.381,8.5998,Restaurant Frohsinn,47.382300840688494,8.598637129750342,Swiss Restaurant
498,Dübendorf,47.381,8.5998,VBZ Gockhausen Dorf,47.382004325098194,8.598019730200587,Bus Station
499,Dübendorf,47.381,8.5998,BubbleBum Booster Seat -Showroom,47.382056,8.597766,Accessories Store
500,Dübendorf,47.381,8.5998,Astroyoga,47.382267973068984,8.60028862953186,Yoga Studio
501,Dübendorf,47.381,8.5998,Gockhausen,47.38218317556877,8.599308660390285,Plaza
502,Wallisellen,47.415,8.5967,Water World Wallisellen,47.417023299384795,8.594146498365546,Pool
503,Wallisellen,47.415,8.5967,La Esquina,47.411480212466714,8.594256126477626,Wine Bar
504,Wallisellen,47.415,8.5967,Fleischli,47.41289816882818,8.592696851698719,Bakery
505,Wallisellen,47.415,8.5967,Zentrum Wallisellen,47.41288594314182,8.592709875444974,Shopping Mall
506,Wallisellen,47.415,8.5967,Coop,47.41278236420122,8.592756877770768,Supermarket
507,Wallisellen,47.415,8.5967,Migros,47.41359105854391,8.591869936257586,Supermarket
508,Wallisellen,47.415,8.5967,Bahnhof Wallisellen,47.41251163241845,8.592422871339696,Train Station
509,Wallisellen,47.415,8.5967,Il Faro,47.413047,8.5924334,Italian Restaurant
510,Wallisellen,47.415,8.5967,Gleis 4,47.41247586375799,8.592335422380438,Platform
511,Uitikon,47.3691,8.457,Bäckerei  Bode,47.37059511584311,8.454796392627914,Bakery
512,Uitikon,47.3691,8.457,Restaurant Dörfli,47.37044,8.453405,Swiss Restaurant
513,Uitikon,47.3691,8.457,Restaurant Waldegg,47.367676,8.462106,Beer Garden
514,Uitikon,47.3691,8.457,Baroth,47.3686137,8.4631474,Café
515,Uetikon am See,47.2644,8.6792,Restaurant Sonnenhof,47.262570329081505,8.677436630520155,Swiss Restaurant
516,Uetikon am See,47.2644,8.6792,Weingut Erich Meier,47.26806859892712,8.678378100714758,Winery
517,Uetikon am See,47.2644,8.6792,Coop,47.26449354631497,8.675899304917781,Supermarket
518,Uetikon am See,47.2644,8.6792,Fumagalli,47.263688495630724,8.67756613526635,Italian Restaurant
519,Illnau-Effretikon,47.4258,8.6909,Coop,47.427210711292226,8.691752069933498,Supermarket
520,Illnau-Effretikon,47.4258,8.6909,Coop,47.42807709186494,8.685366705925626,Supermarket
521,Illnau-Effretikon,47.4258,8.6909,Effimärt,47.428274885714934,8.685532615088508,Department Store
522,Illnau-Effretikon,47.4258,8.6909,Migrolino,47.42940694,8.68748989,Grocery Store
523,Illnau-Effretikon,47.4258,8.6909,Bahnhof Effretikon,47.426087584400456,8.68708223104477,Train Station
524,Illnau-Effretikon,47.4258,8.6909,Gleis 5/6,47.42618952112942,8.687229526144092,Platform
525,Illnau-Effretikon,47.4258,8.6909,Migros-Restaurant,47.42791306417043,8.685743808746338,Restaurant
526,Thalheim an der Thur,47.5782,8.7512,Restaurant Brückenwaage,47.57979965209961,8.751276969909668,Gastropub
527,Thalheim an der Thur,47.5782,8.7512,B + B Oberdorf,47.575862884521484,8.754996299743652,Bed & Breakfast
528,Thalwil,47.2918,8.5635,Rebstock,47.289426,8.566911,Swiss Restaurant
529,Thalwil,47.2918,8.5635,Restaurant Grundstein,47.288693630471734,8.565065035641712,Restaurant
530,Thalwil,47.2918,8.5635,Hotel Sedartis,47.29552663463842,8.56579257862462,Hotel
531,Thalwil,47.2918,8.5635,Luna,47.2879764363935,8.563841464430293,Mexican Restaurant
532,Thalwil,47.2918,8.5635,Migros,47.29440666633081,8.563797947838916,Grocery Store
533,Thalwil,47.2918,8.5635,Bahnhof Thalwil,47.295856509727166,8.56439861829949,Train Station
534,Thalwil,47.2918,8.5635,Pleasure & Pain Personal Training,47.290884194168356,8.563531970823897,Gym
535,Thalwil,47.2918,8.5635,ZVV Thalwil Zentrum,47.29469651593687,8.564182900385337,Bus Station
536,Thalwil,47.2918,8.5635,Restaurant Höfli,47.29385493016498,8.567155944751637,Asian Restaurant
537,Thalwil,47.2918,8.5635,Central Apotheke Thalwil,47.294948,8.564866,Pharmacy
538,Thalwil,47.2918,8.5635,Restaurant Bahnhof,47.29535104559882,8.564653325480213,Falafel Restaurant
539,Thalwil,47.2918,8.5635,Gleis 5/6,47.29580840849801,8.564477582439292,Platform
540,Thalwil,47.2918,8.5635,Gnuss pur,47.29621297660538,8.563473437016402,Bakery
541,Hüttikon,47.4426,8.3881,Strohdachhaus,47.445194,8.386388,Exhibit
542,Hüttikon,47.4426,8.3881,Rest. Post,47.44631259786204,8.387684179506916,Swiss Restaurant
543,Höri,47.5075,8.5024,Gassmann AG,47.5101389875948,8.50380927116396,Construction & Landscaping
544,Höri,47.5075,8.5024,Nägraf Beschriftungen,47.504855,8.49848,Miscellaneous Shop
545,Höri,47.5075,8.5024,Ristorante Casa Mia,47.50823848195853,8.508041630621332,Italian Restaurant
546,Höri,47.5075,8.5024,Velobeizli,47.50417618742013,8.499400955363853,Snack Place
547,Höri,47.5075,8.5024,Alter Spycher,47.50455,8.498485,Restaurant
548,Höri,47.5075,8.5024,Gasthaus zum Löwen,47.50748430440684,8.496440462192757,Swiss Restaurant
549,Höri,47.5075,8.5024,Beck Schmid,47.50732050315149,8.508598838121994,Bakery
550,Humlikon,47.5764,8.6701,CSI Humlikon,47.574143,8.66969,Racetrack
551,Horgen,47.2598,8.5978,Intrigo,47.259529,8.598324,Ice Cream Shop
552,Horgen,47.2598,8.5978,Activ Fitness,47.26130984872026,8.596515200595949,Gym / Fitness Center
553,Horgen,47.2598,8.5978,Seerestaurant L'O,47.26131896384597,8.599567771205828,Restaurant
554,Horgen,47.2598,8.5978,Bahnhof Horgen,47.261471913693796,8.596149591779552,Train Station
555,Horgen,47.2598,8.5978,Migros,47.260553689276136,8.597513554363768,Grocery Store
556,Horgen,47.2598,8.5978,Hotel Schwan,47.25965379760123,8.598265421881786,Hotel
557,Horgen,47.2598,8.5978,L'osteria Del Lazzarone,47.26117440564775,8.598283414650696,Trattoria/Osteria
558,Horgen,47.2598,8.5978,Hotel Meierhof,47.26111342671492,8.59669332623373,Hotel
559,Horgen,47.2598,8.5978,La Fontana,47.25978439199827,8.597989486456074,Italian Restaurant
560,Horgen,47.2598,8.5978,Ali Baba's Kebab Haus,47.261417131236875,8.596677541304329,Fast Food Restaurant
561,Horgen,47.2598,8.5978,Dipl. Ing. Fust AG,47.25886128146828,8.597852457247262,Electronics Store
562,Horgen,47.2598,8.5978,Migros Restaurant,47.260692,8.597223,Restaurant
563,Horgen,47.2598,8.5978,Coop,47.25904909030038,8.598739197706278,Supermarket
564,Horgen,47.2598,8.5978,ZVV Bahnhof Horgen,47.2613618138366,8.596125828300782,Bus Station
565,Horgen,47.2598,8.5978,SPAR express,47.261713118577724,8.593863220789332,Grocery Store
566,Horgen,47.2598,8.5978,Kaffeerösterei Horgen,47.262144,8.593024,Restaurant
567,Horgen,47.2598,8.5978,Restaurant Sonne,47.258523222392945,8.591626460930435,Swiss Restaurant
568,Hombrechtikon,47.253,8.7721,Migros,47.251957912443665,8.769486736809226,Supermarket
569,Hombrechtikon,47.253,8.7721,VBZ Hombrechtikon Post,47.25236180982352,8.769631930645037,Bus Station
570,Hombrechtikon,47.253,8.7721,pasticceria italiana,47.25396080840617,8.776019587146266,Dessert Shop
571,Hombrechtikon,47.253,8.7721,Chilbi Hombrechtikon,47.251485,8.767495,Bar
572,Hochfelden,47.5226,8.5156,Lucania,47.522674,8.518019,Pizza Place
573,Hochfelden,47.5226,8.5156,Milchhütte,47.523384285437594,8.515472559939187,Convenience Store
574,Hinwil,47.2943,8.8439,Schlenker AG,47.29426,8.84393,Shipping Store
575,Hinwil,47.2943,8.8439,Hofladen Breitacher Bauernhofglace,47.29115,8.84754,Farm
576,Hinwil,47.2943,8.8439,RIMA Sanitär GmbH,47.2982099,8.8424391,Construction & Landscaping
577,Hinwil,47.2943,8.8439,Sportplatz Hinwil,47.296244,8.849165,Soccer Field
578,Flurlingen,47.6839,8.6299,Bahnhof Neuhausen am Rheinfall,47.6830944868088,8.625089527544246,Train Station
579,Flurlingen,47.6839,8.6299,Kammgarn Beiz,47.684536,8.632321,Bar
580,Flurlingen,47.6839,8.6299,avec.,47.68285698513002,8.624737121655643,Food & Drink Shop
581,Flurlingen,47.6839,8.6299,monaloca,47.684669494628906,8.623552322387695,Cosmetics Shop
582,Hettlingen,47.5461,8.7053,Zelglitrotte,47.54517889321248,8.710483270778568,Historic Site
583,Henggart,47.5627,8.6821,Steinmann Floristik Blumengeschäft,47.563357,8.68301,Flower Shop
584,Henggart,47.5627,8.6821,Bahnhof Henggart,47.56413326214536,8.685121536254883,Train Station
585,Henggart,47.5627,8.6821,MÖKAH AG,47.56406086771589,8.68741750717163,Home Service
586,Hedingen,47.2979,8.4483,Restaurant Krone,47.299414,8.448763,Swiss Restaurant
587,Hedingen,47.2979,8.4483,Il Tiglio,47.297862,8.448355,Pizza Place
588,Hedingen,47.2979,8.4483,Bahnhof Hedingen,47.29877603743462,8.445857763290405,Train Station
589,Hedingen,47.2979,8.4483,Bäckerei Conditorei Pfyl,47.298434270896486,8.4454439352721,Bakery
590,Grüningen,47.2833,8.75,Schlüssberg,47.280751,8.750393,Mountain
591,Gossau (ZH),47.3115,8.7834,"ZVV Grüt (Gossau ZH), Dorf",47.31105655357866,8.781745433807373,Bus Station
592,Truttikon,47.6291,8.7272,Stutz Gartenbau GmbH,47.62838,8.725863,Garden
593,Glattfelden,47.5587,8.5017,Gasthaus zum Löwen,47.56038595969091,8.496523451274383,Swiss Restaurant
594,Glattfelden,47.5587,8.5017,Coop,47.5568486,8.50276201,Department Store
595,Glattfelden,47.5587,8.5017,Accessoires aus Fimo,47.557981,8.503476,Arts & Crafts Store
596,Glattfelden,47.5587,8.5017,Schulhaus Hof,47.559113,8.502348,Bus Stop
597,Glattfelden,47.5587,8.5017,Ochsen,47.557092,8.50003,Swiss Restaurant
598,Turbenthal,47.4155,8.9029,Freihof,47.415039,8.903652,Gastropub
599,Turbenthal,47.4155,8.9029,Gasthaus zum Freihof,47.414861,8.904253,Food
600,Turbenthal,47.4155,8.9029,Schmidrüti,47.414121788697045,8.906137512039285,Mountain
601,Freienstein-Teufen,47.5512,8.5657,Wirtshus zum Wyberg,47.551666259765625,8.565563201904297,Miscellaneous Shop
602,Herrliberg,47.2906,8.6146,Restaurant Rössli |  Vogtei Herrliberg,47.28901070037739,8.611478805541992,Restaurant
603,Herrliberg,47.2906,8.6146,Cocoon Kaufmann,47.293202,8.610973,Furniture / Home Store
604,Herrliberg,47.2906,8.6146,Kaufmann Spenglerei und Sanitär AG,47.293203,8.61096,Construction & Landscaping
605,Herrliberg,47.2906,8.6146,Helmut Richter,47.28631800268757,8.614842295646667,Massage Studio
606,Herrliberg,47.2906,8.6146,Confiserie Honold,47.286223,8.615489,Bakery
607,Zürich,47.3667,8.55,John Baker Ltd,47.36720835584306,8.54729328625253,Bakery
608,Zürich,47.3667,8.55,Arthouse Le Paris,47.366358565752094,8.54759339238313,Indie Movie Theater
609,Zürich,47.3667,8.55,Tibits,47.365085584055706,8.547895035612203,Vegetarian / Vegan Restaurant
610,Zürich,47.3667,8.55,Mövenpick Ice Cream Boutique,47.36612887195994,8.546777158623597,Ice Cream Shop
611,Zürich,47.3667,8.55,Vollenweider Chocolatier Confiseur,47.36532388566738,8.547824769889827,Dessert Shop
612,Zürich,47.3667,8.55,ViCAFE - Barista Espresso Bar,47.366784,8.546093,Coffee Shop
613,Zürich,47.3667,8.55,Opernhaus,47.36521171867246,8.546604216098785,Opera House
614,Zürich,47.3667,8.55,MAME Seefeld,47.36406355767649,8.549234473955226,Coffee Shop
615,Zürich,47.3667,8.55,Kronenhalle Bar,47.367697234571004,8.54575627368673,Cocktail Bar
616,Zürich,47.3667,8.55,Rosaly's Restaurant & Bar,47.367418,8.545874,Swiss Restaurant
617,Zürich,47.3667,8.55,Bahnhof Zürich Stadelhofen,47.36658847751383,8.548488615275796,Train Station
618,Zürich,47.3667,8.55,NIMO,47.36406627705494,8.548756906118154,Hotel
619,Zürich,47.3667,8.55,Kronenhalle,47.36753701123322,8.545425330046786,Swiss Restaurant
620,Zürich,47.3667,8.55,Sternen Grill,47.367180613484344,8.545558053733552,Bratwurst Joint
621,Zürich,47.3667,8.55,Bellevueplatz,47.367068375134075,8.545045852661133,Plaza
622,Zürich,47.3667,8.55,Arthouse Piccadilly,47.36614922724929,8.548757965645269,Movie Theater
623,Zürich,47.3667,8.55,Seepromenade,47.36610471517608,8.544849112549093,Waterfront
624,Zürich,47.3667,8.55,Japan-Restaurant Bimi,47.363664606626415,8.54932458391669,Japanese Restaurant
625,Zürich,47.3667,8.55,Zürcher Wienachtsdorf,47.36539,8.546544,Christmas Market
626,Zürich,47.3667,8.55,Yooji's,47.367172670897766,8.5464636524715,Sushi Restaurant
627,Zürich,47.3667,8.55,Aesop,47.368384,8.545958,Cosmetics Shop
628,Zürich,47.3667,8.55,Ristorante Conti,47.364522210555066,8.54701769263655,Seafood Restaurant
629,Zürich,47.3667,8.55,Sechseläutenplatz,47.36718743707017,8.544787482991286,Plaza
630,Zürich,47.3667,8.55,Hotel Opera Zurich,47.36423498484546,8.547508202117664,Hotel
631,Zürich,47.3667,8.55,Kunsthaus Zürich,47.370478665771685,8.54827986629748,Art Museum
632,Zürich,47.3667,8.55,Blockhus,47.368139555110744,8.544945408608335,Swiss Restaurant
633,Zürich,47.3667,8.55,Bellevue Deli,47.366884716387034,8.545441116253448,Sandwich Place
634,Zürich,47.3667,8.55,Stadelhoferplatz,47.36627421038848,8.54780941678584,Plaza
635,Zürich,47.3667,8.55,Wüste Bar,47.36856483046523,8.545591498611909,Bar
636,Zürich,47.3667,8.55,GLOBUS,47.366482962462385,8.546163702056099,Department Store
637,Zürich,47.3667,8.55,Sprüngli,47.366225439399976,8.547255992889404,Dessert Shop
638,Zürich,47.3667,8.55,Circus Knie,47.36610986374739,8.545968540136089,Circus
639,Zürich,47.3667,8.55,Bernhard Theater,47.364905721972434,8.5463852077008,Theater
640,Zürich,47.3667,8.55,Bohemia,47.3646893123314,8.554719051643163,American Restaurant
641,Zürich,47.3667,8.55,soi thai,47.368331,8.547504,Pop-Up Shop
642,Zürich,47.3667,8.55,Glen Fahrn,47.36841537155895,8.545627730907064,Liquor Store
643,Zürich,47.3667,8.55,Outback Lodge,47.36708785451795,8.54765234379381,Australian Restaurant
644,Zürich,47.3667,8.55,Goethe Bar,47.365829017045606,8.547008142564577,Lounge
645,Zürich,47.3667,8.55,Cheti's Curry,47.3649689198842,8.54835452054399,Indian Restaurant
646,Zürich,47.3667,8.55,Hotel Seehof,47.364307609791425,8.547860612161577,Hotel
647,Zürich,47.3667,8.55,Chäslaube,47.36353988353417,8.549420003042597,Cheese Shop
648,Zürich,47.3667,8.55,Tschingg,47.36815085020812,8.545914360153459,Fast Food Restaurant
649,Zürich,47.3667,8.55,Small Luxury Hotel Ambassador,47.36436511976751,8.547014594078064,Hotel
650,Zürich,47.3667,8.55,Misoga (미소가),47.36905987365825,8.550210659305664,Korean Restaurant
651,Zürich,47.3667,8.55,Masi Wine Bar,47.36514549154508,8.548043973111007,Italian Restaurant
652,Zürich,47.3667,8.55,Corso Cinema,47.36632299202012,8.546591997150019,Movie Theater
653,Zürich,47.3667,8.55,Schauspielhaus,47.370328428591,8.549021102253155,Theater
654,Zürich,47.3667,8.55,Odeon,47.36768053295212,8.544989536345053,Café
655,Zürich,47.3667,8.55,Starbucks,47.366256871785794,8.547064625568083,Coffee Shop
656,Zürich,47.3667,8.55,tibits NZZ Bistro,47.36480055893707,8.547522443661054,Vegetarian / Vegan Restaurant
657,Zürich,47.3667,8.55,Restaurant Du Theatre,47.36413704370764,8.547385077197466,Swiss Restaurant
658,Zürich,47.3667,8.55,LAGO Bootsvermietung Utoquai,47.36371661619199,8.545450568835573,Pier
659,Zürich,47.3667,8.55,Vapiano,47.36787474566576,8.546250863562062,Italian Restaurant
660,Zürich,47.3667,8.55,Drinx Bar,47.363795326288006,8.547773807553547,Bar
661,Zürich,47.3667,8.55,Pumpstation,47.36373269448997,8.546295946715551,BBQ Joint
662,Zürich,47.3667,8.55,AirYoga,47.3683148946242,8.545927691770126,Yoga Studio
663,Zürich,47.3667,8.55,Terrasse,47.3677220351569,8.54428500472559,Lounge
664,Zürich,47.3667,8.55,Starbucks,47.366481419149345,8.548445860387776,Coffee Shop
665,Zürich,47.3667,8.55,Belcafé,47.36711373924436,8.545060934363395,Café
666,Zürich,47.3667,8.55,Helvti Diner Bellevue,47.36708489082871,8.546185687459957,Burger Joint
667,Zürich,47.3667,8.55,Starbucks,47.364933691884254,8.553843136320392,Coffee Shop
668,Zürich,47.3667,8.55,Bellevue Apotheke,47.36675545752007,8.545924604023158,Pharmacy
669,Zürich,47.3667,8.55,Collana,47.365965,8.546414,Bar
670,Zürich,47.3667,8.55,Orell Füssli,47.366131963681006,8.547099234627412,Bookstore
671,Zürich,47.3667,8.55,Restaurant à l`Opéra,47.36438998634091,8.547188265789316,Swiss Restaurant
672,Zürich,47.3667,8.55,Santa Lucia Corso,47.366249030705774,8.54654542238249,Italian Restaurant
673,Zürich,47.3667,8.55,Café Mühlebach,47.36404931929671,8.55163827009254,Café
674,Zürich,47.3667,8.55,Restaurant Kunsthaus,47.37063658290866,8.548353554081835,Breakfast Spot
675,Zürich,47.3667,8.55,Gainsbourg,47.36297791522184,8.549313486592188,Bar
676,Zürich,47.3667,8.55,B.GOOD,47.36841462791136,8.545704156510208,Burger Joint
677,Zürich,47.3667,8.55,Konditorei Berner,47.369487154007956,8.553997051677284,Dessert Shop
678,Zürich,47.3667,8.55,Restaurant Weisser Wind,47.36882888151929,8.54542015603415,Swiss Restaurant
679,Zürich,47.3667,8.55,Santa Lucia Teatro,47.370280683202765,8.548880741852718,Italian Restaurant
680,Zürich,47.3667,8.55,Bäckerei-Konditorei Stocker,47.36704227277622,8.54718626562111,Bakery
681,Zürich,47.3667,8.55,Migros,47.364761362888395,8.554092942478938,Grocery Store
682,Zürich,47.3667,8.55,Brezelkönig,47.366511328220206,8.548806165559867,Bakery
683,Zürich,47.3667,8.55,Quaglinos,47.36412544620948,8.547436195067153,French Restaurant
684,Zürich,47.3667,8.55,Hotel Hottingen,47.369713908649786,8.55356147138218,Hotel
685,Zürich,47.3667,8.55,Brasserie Schiller,47.3656966147514,8.54714435413674,French Restaurant
686,Zürich,47.3667,8.55,Coop,47.3664883401799,8.547848102513958,Supermarket
687,Zürich,47.3667,8.55,Kreuzplatz,47.364835329258625,8.554426874705754,Plaza
688,Zürich,47.3667,8.55,Mascotte,47.36624968833941,8.546399933592637,Nightclub
689,Zürich,47.3667,8.55,Cafe Che,47.364048016042425,8.54925148921312,Café
690,Zürich,47.3667,8.55,Asian Moon,47.36304278640203,8.549530841903215,Chinese Restaurant
691,Zürich,47.3667,8.55,Migros,47.365410931807226,8.547971774113002,Supermarket
692,Zürich,47.3667,8.55,Hotel Europe,47.36415539703287,8.54733166969291,Hotel
693,Zürich,47.3667,8.55,Japan Restaurant Saku,47.364308564871564,8.547836752339988,Japanese Restaurant
694,Zürich,47.3667,8.55,Sazio,47.36350891974359,8.54942368121312,Italian Restaurant
695,Zürich,47.3667,8.55,Restaurant Opera,47.364474124680456,8.547272086143494,French Restaurant
696,Zürich,47.3667,8.55,Vipasa,47.36356415143928,8.549406400171453,Italian Restaurant
697,Zürich,47.3667,8.55,The Studio - NRG,47.36395083165035,8.547678157560222,Lounge
698,Zürich,47.3667,8.55,Weisses Kreuz,47.36621365218328,8.548741334443763,Restaurant
699,Zürich,47.3667,8.55,Pasta Romagna,47.3675910049139,8.554509636194252,Italian Restaurant
700,Zürich,47.3667,8.55,Swiss Night,47.369252870884424,8.551250393876444,Hotel
701,Zürich,47.3667,8.55,Coop,47.36448492477278,8.555108907589585,Supermarket
702,Zürich,47.3667,8.55,Gärtnerei,47.36359948727604,8.54930507106656,Salad Place
703,Zürich,47.3667,8.55,KULTURAMA,47.368724942015454,8.555596173847466,History Museum
704,Zürich,47.3667,8.55,Joey's,47.36293148339299,8.549918983251429,Café
705,Zürich,47.3667,8.55,PurPur,47.36456002862664,8.548580170050913,Lounge
706,Zürich,47.3667,8.55,Ly's Asia Take Away,47.367142,8.547471,Asian Restaurant
